{
	"partitions" : [
		{
			"name" : "Top",
			"pins" : [
				{
					"name" : "fluxo_pessoas[0]",
					"strict" : false
				},
				{
					"name" : "fluxo_pessoas[1]",
					"strict" : false
				},
				{
					"name" : "fluxo_pessoas[2]",
					"strict" : false
				},
				{
					"name" : "fluxo_pessoas[3]",
					"strict" : false
				},
				{
					"name" : "fluxo_pessoas[4]",
					"strict" : false
				},
				{
					"name" : "fluxo_pessoas[5]",
					"strict" : false
				},
				{
					"name" : "fluxo_pessoas[6]",
					"strict" : false
				},
				{
					"name" : "fluxo_pessoas[7]",
					"strict" : false
				},
				{
					"name" : "fluxo_pessoas[8]",
					"strict" : false
				},
				{
					"name" : "fluxo_pessoas[9]",
					"strict" : false
				},
				{
					"name" : "fluxo_pessoas[10]",
					"strict" : false
				},
				{
					"name" : "fluxo_pessoas[11]",
					"strict" : false
				},
				{
					"name" : "fluxo_pessoas[12]",
					"strict" : false
				},
				{
					"name" : "fluxo_pessoas[13]",
					"strict" : false
				},
				{
					"name" : "fluxo_pessoas[14]",
					"strict" : false
				},
				{
					"name" : "fluxo_pessoas[15]",
					"strict" : false
				},
				{
					"name" : "fluxo_veiculos[0]",
					"strict" : false
				},
				{
					"name" : "fluxo_veiculos[1]",
					"strict" : false
				},
				{
					"name" : "fluxo_veiculos[2]",
					"strict" : false
				},
				{
					"name" : "fluxo_veiculos[3]",
					"strict" : false
				},
				{
					"name" : "fluxo_veiculos[4]",
					"strict" : false
				},
				{
					"name" : "fluxo_veiculos[5]",
					"strict" : false
				},
				{
					"name" : "fluxo_veiculos[6]",
					"strict" : false
				},
				{
					"name" : "fluxo_veiculos[7]",
					"strict" : false
				},
				{
					"name" : "fluxo_veiculos[8]",
					"strict" : false
				},
				{
					"name" : "fluxo_veiculos[9]",
					"strict" : false
				},
				{
					"name" : "fluxo_veiculos[10]",
					"strict" : false
				},
				{
					"name" : "fluxo_veiculos[11]",
					"strict" : false
				},
				{
					"name" : "fluxo_veiculos[12]",
					"strict" : false
				},
				{
					"name" : "fluxo_veiculos[13]",
					"strict" : false
				},
				{
					"name" : "fluxo_veiculos[14]",
					"strict" : false
				},
				{
					"name" : "fluxo_veiculos[15]",
					"strict" : false
				},
				{
					"name" : "freq_som[5]",
					"strict" : false
				},
				{
					"name" : "freq_som[6]",
					"strict" : false
				},
				{
					"name" : "freq_som[7]",
					"strict" : false
				},
				{
					"name" : "freq_som[9]",
					"strict" : false
				},
				{
					"name" : "freq_som[10]",
					"strict" : false
				},
				{
					"name" : "freq_som[12]",
					"strict" : false
				},
				{
					"name" : "sinal_veiculos[0]",
					"strict" : false
				},
				{
					"name" : "sinal_veiculos[1]",
					"strict" : false
				},
				{
					"name" : "sinal_veiculos[2]",
					"strict" : false
				},
				{
					"name" : "s_pedestre",
					"strict" : false
				},
				{
					"name" : "reset_fluxo",
					"strict" : false
				},
				{
					"name" : "estado_debug[0]",
					"strict" : false
				},
				{
					"name" : "estado_debug[1]",
					"strict" : false
				},
				{
					"name" : "estado_debug[2]",
					"strict" : false
				},
				{
					"name" : "estado_debug[3]",
					"strict" : false
				},
				{
					"name" : "estado_debug[4]",
					"strict" : false
				},
				{
					"name" : "clk_50MHz",
					"strict" : false
				},
				{
					"name" : "fluxo_total[0]",
					"strict" : false
				},
				{
					"name" : "fluxo_total[1]",
					"strict" : false
				},
				{
					"name" : "fluxo_total[2]",
					"strict" : false
				},
				{
					"name" : "fluxo_total[3]",
					"strict" : false
				},
				{
					"name" : "fluxo_total[4]",
					"strict" : false
				},
				{
					"name" : "fluxo_total[5]",
					"strict" : false
				},
				{
					"name" : "fluxo_total[6]",
					"strict" : false
				},
				{
					"name" : "fluxo_total[7]",
					"strict" : false
				},
				{
					"name" : "fluxo_total[8]",
					"strict" : false
				},
				{
					"name" : "fluxo_total[9]",
					"strict" : false
				},
				{
					"name" : "fluxo_total[10]",
					"strict" : false
				},
				{
					"name" : "fluxo_total[11]",
					"strict" : false
				},
				{
					"name" : "fluxo_total[12]",
					"strict" : false
				},
				{
					"name" : "fluxo_total[13]",
					"strict" : false
				},
				{
					"name" : "fluxo_total[14]",
					"strict" : false
				},
				{
					"name" : "fluxo_total[15]",
					"strict" : false
				},
				{
					"name" : "reset",
					"strict" : false
				},
				{
					"name" : "envio_pronto",
					"strict" : false
				},
				{
					"name" : "botao_travessia",
					"strict" : false
				},
				{
					"name" : "fluxo_medio[6]",
					"strict" : false
				},
				{
					"name" : "fluxo_medio[7]",
					"strict" : false
				},
				{
					"name" : "fluxo_medio[2]",
					"strict" : false
				},
				{
					"name" : "fluxo_medio[3]",
					"strict" : false
				},
				{
					"name" : "fluxo_medio[0]",
					"strict" : false
				},
				{
					"name" : "fluxo_medio[1]",
					"strict" : false
				},
				{
					"name" : "fluxo_medio[4]",
					"strict" : false
				},
				{
					"name" : "fluxo_medio[5]",
					"strict" : false
				},
				{
					"name" : "leitura_peso[5]",
					"strict" : false
				},
				{
					"name" : "leitura_peso[9]",
					"strict" : false
				},
				{
					"name" : "leitura_peso[10]",
					"strict" : false
				},
				{
					"name" : "leitura_peso[11]",
					"strict" : false
				},
				{
					"name" : "leitura_peso[14]",
					"strict" : false
				},
				{
					"name" : "leitura_peso[4]",
					"strict" : false
				},
				{
					"name" : "leitura_peso[0]",
					"strict" : false
				},
				{
					"name" : "leitura_peso[1]",
					"strict" : false
				},
				{
					"name" : "leitura_peso[2]",
					"strict" : false
				},
				{
					"name" : "leitura_peso[3]",
					"strict" : false
				},
				{
					"name" : "leitura_peso[6]",
					"strict" : false
				},
				{
					"name" : "leitura_peso[7]",
					"strict" : false
				},
				{
					"name" : "leitura_peso[8]",
					"strict" : false
				},
				{
					"name" : "leitura_peso[15]",
					"strict" : false
				},
				{
					"name" : "leitura_peso[12]",
					"strict" : false
				},
				{
					"name" : "leitura_peso[13]",
					"strict" : false
				},
				{
					"name" : "leitura_peso[16]",
					"strict" : false
				},
				{
					"name" : "leitura_peso[17]",
					"strict" : false
				},
				{
					"name" : "leitura_peso[18]",
					"strict" : false
				},
				{
					"name" : "leitura_peso[19]",
					"strict" : false
				},
				{
					"name" : "tempo_espera_fluxo_baixo[15]",
					"strict" : false
				},
				{
					"name" : "tempo_espera_fluxo_elev[15]",
					"strict" : false
				},
				{
					"name" : "tempo_espera_fluxo_baixo[14]",
					"strict" : false
				},
				{
					"name" : "tempo_espera_fluxo_elev[14]",
					"strict" : false
				},
				{
					"name" : "tempo_espera_fluxo_baixo[13]",
					"strict" : false
				},
				{
					"name" : "tempo_espera_fluxo_elev[13]",
					"strict" : false
				},
				{
					"name" : "tempo_espera_fluxo_baixo[12]",
					"strict" : false
				},
				{
					"name" : "tempo_espera_fluxo_elev[12]",
					"strict" : false
				},
				{
					"name" : "tempo_espera_fluxo_baixo[11]",
					"strict" : false
				},
				{
					"name" : "tempo_espera_fluxo_elev[11]",
					"strict" : false
				},
				{
					"name" : "tempo_espera_fluxo_baixo[10]",
					"strict" : false
				},
				{
					"name" : "tempo_espera_fluxo_elev[10]",
					"strict" : false
				},
				{
					"name" : "tempo_espera_fluxo_baixo[9]",
					"strict" : false
				},
				{
					"name" : "tempo_espera_fluxo_elev[9]",
					"strict" : false
				},
				{
					"name" : "tempo_espera_fluxo_baixo[8]",
					"strict" : false
				},
				{
					"name" : "tempo_espera_fluxo_elev[8]",
					"strict" : false
				},
				{
					"name" : "tempo_espera_fluxo_baixo[7]",
					"strict" : false
				},
				{
					"name" : "tempo_espera_fluxo_elev[7]",
					"strict" : false
				},
				{
					"name" : "tempo_espera_fluxo_baixo[6]",
					"strict" : false
				},
				{
					"name" : "tempo_espera_fluxo_elev[6]",
					"strict" : false
				},
				{
					"name" : "tempo_espera_fluxo_baixo[5]",
					"strict" : false
				},
				{
					"name" : "tempo_espera_fluxo_elev[5]",
					"strict" : false
				},
				{
					"name" : "tempo_espera_fluxo_baixo[4]",
					"strict" : false
				},
				{
					"name" : "tempo_espera_fluxo_elev[4]",
					"strict" : false
				},
				{
					"name" : "tempo_espera_fluxo_baixo[3]",
					"strict" : false
				},
				{
					"name" : "tempo_espera_fluxo_elev[3]",
					"strict" : false
				},
				{
					"name" : "tempo_espera_fluxo_baixo[2]",
					"strict" : false
				},
				{
					"name" : "tempo_espera_fluxo_elev[2]",
					"strict" : false
				},
				{
					"name" : "tempo_espera_fluxo_baixo[1]",
					"strict" : false
				},
				{
					"name" : "tempo_espera_fluxo_elev[1]",
					"strict" : false
				},
				{
					"name" : "tempo_espera_fluxo_baixo[0]",
					"strict" : false
				},
				{
					"name" : "tempo_espera_fluxo_elev[0]",
					"strict" : false
				}
			]
		}
	]
}